id,listPrice
RE_015637,452586.06
RE_005176,480863.48
RE_013544,713287.12
RE_016667,460598.16
RE_011479,1312042.24
RE_009732,9884552.31
RE_007693,264119.9
RE_002473,474366.8
RE_016616,522764.37
RE_004627,729571.37
RE_015002,1858814.49
RE_012041,135688.52
RE_000529,343048.73
RE_016850,273717.9
RE_004858,6518946.72
RE_000076,355798.2
RE_007065,7417073.85
RE_001527,1623353.25
RE_012351,239506.75
RE_002111,287005.11
RE_004003,394300.15
RE_001573,520311.73
RE_009818,717477.44
RE_002028,489148.32
RE_006111,201663.76
RE_004414,135752.6
RE_010742,629228.43
RE_011542,299499.69
RE_010098,418089.92
RE_005411,649934.57
RE_003533,1000750.76
RE_014369,974312.45
RE_004492,503019.3
RE_002708,610369.01
RE_003059,407312.99
RE_018286,501129.06
RE_007838,346212.59
RE_009152,325759.74
RE_011388,365409.6
RE_002086,786245.83
RE_002264,528481.36
RE_010562,246565.98
RE_005981,834332.25
RE_014248,368461.62
RE_016378,504788.67
RE_014357,1996500.15
RE_005169,54367.74
RE_007401,141493.1
RE_006851,673798.55
RE_017367,159080.42
RE_003501,64860.24
RE_008593,51946.58
RE_007933,410677.22
RE_002811,839639.67
RE_007477,6926504.86
RE_013385,612629.04
RE_016675,280125.43
RE_011471,1201947.12
RE_016363,486538.98
RE_016534,113692.7
RE_009273,1320503.46
RE_001984,356900.22
RE_006652,196188.16
RE_010788,459142.1
RE_004021,361796.82
RE_013277,336239.75
RE_014072,250644.56
RE_000838,132449.72
RE_009824,1658267.76
RE_016985,1531520.46
RE_003836,484968.53
RE_001877,374920.81
RE_005294,329847.12
RE_010181,788947.08
RE_017487,541749.48
RE_017931,244155.25
RE_004267,233843.73
RE_000996,619855.16
RE_015249,174343.64
RE_000537,74820.65
RE_009660,292556.25
RE_013074,570944.94
RE_006266,2287873.41
RE_012669,513483.37
RE_006856,472563.7
RE_009300,313911.62
RE_015608,1159100.88
RE_014390,1116750.94
RE_006187,448380.55
RE_015743,200854.03
RE_014170,331644.26
RE_011495,715201.62
RE_012087,2179718.95
RE_013353,449664.65
RE_012217,221996.1
RE_014522,514675.61
RE_007990,558744.16
RE_012516,391837.18
RE_015990,3467620.83
RE_007578,309539.46
RE_016143,316674.26
RE_009945,162319.94
RE_013988,601115.74
RE_016993,187082.13
RE_002447,611979.01
RE_001366,1619732.15
RE_003889,2030976.94
RE_016161,420383.28
RE_011740,533020.54
RE_015773,347127.96
RE_013609,334645.0
RE_014127,478735.79
RE_014322,2630101.51
RE_015088,1126429.76
RE_010578,6850991.72
RE_013127,1712482.99
RE_002189,258039.98
RE_014506,569964.29
RE_009468,841894.48
RE_018055,378230.27
RE_013711,465933.91
RE_010537,248166.08
RE_010500,1654329.79
RE_008310,1142529.82
RE_011212,478259.92
RE_006136,706383.56
RE_008163,691506.5
RE_010217,237338.81
RE_005396,985513.98
RE_003220,421492.44
RE_009502,436951.87
RE_007010,141302.44
RE_017227,448848.05
RE_005661,394859.6
RE_006741,817113.84
RE_006253,630483.78
RE_016406,635157.22
RE_011464,619587.33
RE_012130,522732.35
RE_009956,513779.17
RE_011206,7115264.15
RE_006523,882475.6
RE_016415,167891.32
RE_005101,256917.77
RE_011096,411408.39
RE_016583,102910.16
RE_003370,259837.2
RE_005546,274818.42
RE_004098,1108176.03
RE_004346,576059.07
RE_010570,412225.78
RE_001708,177348.01
RE_000930,354482.17
RE_006070,472856.87
RE_007327,772217.21
RE_000642,1363563.37
RE_007738,448911.98
RE_014970,498716.49
RE_012709,658113.64
RE_016273,4797101.27
RE_011653,482505.03
RE_013248,2223088.25
RE_012821,672451.37
RE_001981,934798.49
RE_001019,810047.16
RE_000451,146999.63
RE_009929,1370208.94
RE_017652,888394.37
RE_015667,365794.96
RE_005770,199584.84
RE_014562,567719.86
RE_000127,607853.94
RE_005034,572794.33
RE_017976,354926.96
RE_000570,906119.9
RE_011776,365320.79
RE_017979,2907606.76
RE_001010,2306623.54
RE_012311,711022.48
RE_005619,822187.64
RE_010062,161625.44
RE_003721,344852.65
RE_016349,484714.34
RE_015028,4244621.84
RE_000465,1514444.91
RE_015220,658958.47
RE_011037,250832.04
RE_005526,534549.03
RE_006711,547217.8
RE_002650,1317285.3
RE_008469,194626.43
RE_014419,503798.19
RE_011323,622483.55
RE_016876,332316.98
RE_007956,821028.29
RE_009126,539609.42
RE_012997,666524.61
RE_008649,403418.04
RE_015069,80893.22
RE_000607,458533.19
RE_003241,450024.42
RE_013349,339672.98
RE_000680,193577.9
RE_002178,82383.33
RE_003098,368500.11
RE_003286,252204.57
RE_005640,160804.57
RE_003149,611676.67
RE_001392,386109.84
RE_010509,660127.6
RE_003458,3302562.91
RE_009711,574589.89
RE_000014,1040069.78
RE_016956,523115.71
RE_009054,596017.29
RE_017518,453911.93
RE_012731,177803.23
RE_003396,196393.25
RE_005735,414082.35
RE_015511,1277399.86
RE_007860,444459.07
RE_003713,328121.24
RE_003017,575842.96
RE_017689,480364.87
RE_015510,1028519.61
RE_011077,545705.67
RE_001394,412460.45
RE_013313,288828.81
RE_001997,554707.67
RE_007788,490297.18
RE_002243,1476386.32
RE_013903,628990.74
RE_011581,303323.97
RE_007299,597743.81
RE_005923,160361.06
RE_014153,1789815.28
RE_005649,968347.16
RE_005989,674510.2
RE_006940,797885.91
RE_002054,640510.24
RE_007282,404582.46
RE_000676,357920.63
RE_006608,1154381.35
RE_008001,491033.82
RE_009671,505803.55
RE_013201,2212954.53
RE_001474,1264278.41
RE_002273,300957.37
RE_005389,1877728.62
RE_008738,477416.37
RE_002062,147709.39
RE_015495,392019.4
RE_016764,164925.4
RE_003739,856401.93
RE_003759,590670.92
RE_006320,411748.08
RE_005102,922011.58
RE_003673,1185820.95
RE_005840,157223.2
RE_016262,8544485.63
RE_010878,798265.32
RE_012833,798109.73
RE_015147,366976.15
RE_015177,60997.03
RE_013712,593776.8
RE_000950,671069.47
RE_003619,596833.67
RE_003465,316154.26
RE_006391,1599609.03
RE_007913,439460.53
RE_002451,318701.81
RE_017612,209403.26
RE_016208,558744.17
RE_013214,454005.82
RE_001496,459496.21
RE_005470,777503.29
RE_001185,4442271.46
RE_012068,363258.41
RE_001108,276710.67
RE_012076,331822.18
RE_012896,763419.2
RE_001648,250265.58
RE_008116,240639.77
RE_001517,297031.99
RE_006045,30404.57
RE_016731,123824.48
RE_011408,350523.58
RE_008605,1873880.3
RE_011376,1634995.32
RE_008150,316673.56
RE_002168,824295.28
RE_010990,146657.19
RE_002733,837539.28
RE_013416,225414.65
RE_011406,176002.8
RE_008843,199897.14
RE_005220,801295.28
RE_000139,211789.94
RE_016486,581193.48
RE_012277,208700.12
RE_017471,601233.13
RE_013892,1009569.53
RE_010863,355229.81
RE_007175,262577.2
RE_005200,619445.71
RE_017141,703185.25
RE_003400,1170910.34
RE_001257,806002.18
RE_008718,1094710.67
RE_000802,970137.64
RE_004080,418279.89
RE_006736,581123.24
RE_018047,143174.35
RE_002827,847388.6
RE_015148,702701.49
RE_012355,204913.65
RE_003797,2945910.99
RE_006696,312285.24
RE_014818,434214.73
RE_006720,600743.8
RE_009704,152677.8
RE_005559,84962.67
RE_008734,570478.25
RE_015862,426310.53
RE_002847,403760.97
RE_007258,336907.6
RE_013234,2478034.86
RE_003397,148048.02
RE_000336,624496.56
RE_013279,69619.28
RE_015490,639741.26
RE_013488,1274927.35
RE_017355,128151.65
RE_006361,405452.97
RE_002907,293106.82
RE_011384,796412.1
RE_009108,411483.54
RE_007970,357085.24
RE_014873,850975.85
RE_002112,1210820.01
RE_010107,303445.15
RE_007494,385106.07
RE_003568,570568.66
RE_008490,451769.71
RE_006925,671036.99
RE_008344,249511.53
RE_001339,272662.65
RE_003453,385285.25
RE_007013,795042.15
RE_001789,1059330.53
RE_002442,988934.5
RE_000261,769950.48
RE_006094,261161.1
RE_014486,368345.03
RE_015998,452957.32
RE_001968,895451.94
RE_006382,605185.15
RE_013616,300333.9
RE_000760,157686.67
RE_018235,336393.37
RE_012631,802161.63
RE_017346,334175.72
RE_015219,450319.23
RE_007142,311744.18
RE_001720,1147337.47
RE_014951,159994.4
RE_014877,1652478.54
RE_010189,965376.82
RE_000222,123923.89
RE_005259,285920.9
RE_008115,998572.45
RE_001523,777811.74
RE_017203,557754.73
RE_002941,615936.7
RE_014583,670214.17
RE_003252,1032484.44
RE_016298,1580724.88
RE_005633,336117.3
RE_015362,385978.11
RE_016970,1130010.15
RE_011354,257363.58
RE_018138,1008183.15
RE_011882,235231.65
RE_012350,404373.48
RE_004495,346913.22
RE_013871,394388.4
RE_017264,174386.93
RE_018008,2034297.87
RE_005336,424051.93
RE_012337,8803111.31
RE_017766,5084429.63
RE_011229,1799604.37
RE_014897,448930.79
RE_015769,550014.38
RE_005605,769948.23
RE_006811,803437.75
RE_017390,729084.73
RE_004805,804434.44
RE_010828,97693.5
RE_010669,2379125.29
RE_014331,648044.69
RE_008969,788234.23
RE_004716,800552.55
RE_011459,151336.85
RE_006908,341751.36
RE_005097,400811.2
RE_008136,1591616.38
RE_018191,286011.69
RE_007392,269402.2
RE_001711,121501.62
RE_012175,1790934.65
RE_008751,1084729.43
RE_013335,1130240.75
RE_005113,524707.83
RE_002002,766202.02
RE_013318,262537.17
RE_002089,192433.73
RE_010475,784350.94
RE_010768,773138.81
RE_001529,306814.28
RE_009543,153509.01
RE_016849,2483506.34
RE_017151,8578957.11
RE_017458,559543.4
RE_017312,320261.02
RE_010984,512152.51
RE_009178,569277.98
RE_018152,902822.74
RE_003631,269314.21
RE_016227,674680.85
RE_017796,312779.2
RE_002227,238393.46
RE_016252,751881.52
RE_003205,499946.51
RE_012128,64528.55
RE_015125,4337088.56
RE_017189,587044.57
RE_013137,399856.84
RE_016279,803688.46
RE_006786,701508.39
RE_017637,414482.83
RE_001795,785958.82
RE_015214,468383.3
RE_016306,491401.54
RE_017634,458299.62
RE_001290,403978.6
RE_006745,1249159.44
RE_003339,433548.03
RE_008543,831831.94
RE_018003,755465.24
RE_012800,1257265.87
RE_006693,246908.93
RE_009360,452715.81
RE_002627,807767.74
RE_007740,216749.52
RE_010149,2551623.77
RE_015007,315719.63
RE_003188,146237.24
RE_008404,779911.81
RE_007125,337327.96
RE_011556,439357.81
RE_018282,708678.33
RE_012049,230311.59
RE_013868,720490.99
RE_010866,780913.91
RE_017030,646358.79
RE_001932,157960.31
RE_003994,466458.37
RE_016395,1150446.28
RE_012985,409027.85
RE_006724,521703.89
RE_013238,273060.29
RE_004980,217168.51
RE_014930,3365443.91
RE_015531,233682.54
RE_004481,277144.36
RE_013436,209762.57
RE_002533,290497.94
RE_017579,760418.73
RE_013826,1518271.01
RE_006392,284427.97
RE_003402,614264.15
RE_017654,606447.36
RE_015586,740666.56
RE_008787,627169.43
RE_010105,388637.51
RE_002385,306786.58
RE_008237,259039.51
RE_006746,574996.17
RE_013200,404222.13
RE_001482,187114.26
RE_004498,873048.87
RE_012803,614761.52
RE_011431,532064.8
RE_012079,1075181.44
RE_005372,328575.96
RE_004079,518383.29
RE_006974,577894.12
RE_002479,533233.0
RE_003867,345446.9
RE_000730,210403.49
RE_002805,572685.74
RE_009119,9049499.23
RE_009441,285214.62
RE_007245,547529.13
RE_017467,591019.71
RE_004692,553000.93
RE_003081,915901.07
RE_016945,619381.49
RE_010270,383330.73
RE_002008,777952.99
RE_013666,392928.67
RE_010011,285660.41
RE_015659,508831.58
RE_011679,640179.57
RE_005628,813923.69
RE_009654,342667.84
RE_009748,261041.32
RE_017574,541548.35
RE_006643,131615.18
RE_003327,1548336.0
RE_007035,645186.21
RE_000464,211346.84
RE_008877,3503939.55
RE_011019,261537.86
RE_011928,1311134.07
RE_007141,259223.03
RE_004510,575168.74
RE_013042,1851481.13
RE_016866,382016.32
RE_006690,534559.62
RE_002838,480389.3
RE_013374,628430.93
RE_009286,1202243.9
RE_017775,8175816.35
RE_002133,362335.05
RE_005081,399179.09
RE_000578,429639.83
RE_001597,423348.11
RE_001105,1532936.35
RE_003428,1047016.64
RE_007634,666512.63
RE_010320,663647.26
RE_016221,296934.79
RE_017000,2084155.52
RE_005303,110615.04
RE_001822,542323.61
RE_004105,741760.63
RE_010950,213609.37
RE_014646,863184.58
RE_005851,266690.04
RE_012054,362544.78
RE_001150,137287.75
RE_003907,4903351.57
RE_008064,220820.14
RE_003262,390841.73
RE_014603,428474.77
RE_009139,1598734.1
RE_001516,4317154.84
RE_001383,568785.51
RE_018231,468532.77
RE_000122,245714.75
RE_010462,242516.92
RE_017697,277847.54
RE_010943,283365.36
RE_004878,375118.85
RE_001179,465394.62
RE_002574,353572.07
RE_010397,152821.72
RE_010013,491348.24
RE_017149,128066.68
RE_002918,1259856.86
RE_006029,275554.42
RE_013910,333256.7
RE_007033,612896.58
RE_012169,1593526.7
RE_008967,365011.79
RE_003229,308742.6
RE_013293,985716.55
RE_016641,577108.25
RE_011934,213103.29
RE_017168,523087.69
RE_017727,691977.05
RE_008192,1254791.88
RE_004536,804716.19
RE_007994,910068.08
RE_013935,700538.94
RE_012765,453449.42
RE_011778,272088.62
RE_006177,550981.09
RE_010934,146267.77
RE_016080,385796.41
RE_001828,459055.7
RE_009510,486067.47
RE_016288,810144.42
RE_007399,1876947.32
RE_012171,208786.91
RE_003399,674564.84
RE_000318,164319.96
RE_002370,257942.74
RE_009133,271724.62
RE_015770,603157.01
RE_010004,319721.59
RE_016585,1157323.62
RE_007342,1585413.22
RE_010019,787022.17
RE_001237,8433542.71
RE_003738,214815.8
RE_000213,250234.57
RE_007183,464680.87
RE_016604,747082.5
RE_002739,921917.39
RE_004751,494172.15
RE_007882,596696.2
RE_013765,625683.46
RE_008731,306698.5
RE_015051,2592864.46
RE_011803,880974.5
RE_007340,678867.57
RE_010640,6676750.49
RE_005629,544889.31
RE_012700,344447.02
RE_003499,550987.87
RE_011355,289785.71
RE_008809,327856.33
RE_011468,708640.93
RE_000151,381478.51
RE_006306,115455.3
RE_012443,130630.54
RE_015995,464082.62
RE_016712,421820.22
RE_006582,1571478.41
RE_012178,340863.4
RE_017779,2703130.95
RE_007240,112155.67
RE_014555,1718345.92
RE_015340,1394163.11
RE_008331,550051.4
RE_008617,261418.35
RE_001569,339537.37
RE_009938,461177.55
RE_003272,356021.31
RE_002744,1046672.92
RE_018250,1952842.37
RE_005249,419773.76
RE_003515,568581.73
RE_003276,2359084.84
RE_012594,724412.78
RE_002455,685514.4
RE_014503,48572.92
RE_015094,236397.28
RE_016453,223675.18
RE_012223,558522.14
RE_007682,549873.16
RE_000830,10515328.74
RE_015195,477312.38
RE_004344,66340.57
RE_004068,437537.58
RE_014920,226481.37
RE_007214,610188.02
RE_013926,146558.25
RE_014198,660612.91
RE_010507,403599.03
RE_001468,131390.08
RE_015546,104207.64
RE_009651,777337.2
RE_016754,766051.2
RE_002367,4637268.04
RE_017353,656580.19
RE_006080,1386112.48
RE_011578,742407.14
RE_004076,490411.32
RE_007417,880504.16
RE_002103,140662.95
RE_009766,212356.5
RE_018089,388464.6
RE_012392,774294.44
RE_005444,2011711.57
RE_009004,759228.5
RE_017600,227220.34
RE_016397,705415.33
RE_002749,760971.1
RE_002006,169106.97
RE_006341,1248485.76
RE_000824,732184.19
RE_001082,267129.5
RE_003711,476206.8
RE_009012,1253118.69
RE_000387,619895.9
RE_009066,916774.19
RE_012263,907258.24
RE_004075,401220.94
RE_005446,443639.65
RE_005812,378125.14
RE_013675,263455.89
RE_000801,756102.8
RE_005781,1534389.97
RE_010101,1091750.41
RE_000765,283342.46
RE_001930,323836.99
RE_013388,404824.7
RE_012046,469875.59
RE_008596,3774144.55
RE_000293,516300.17
RE_011387,1431022.2
RE_017276,8502948.6
RE_014435,510578.26
RE_005926,618627.62
RE_007884,827348.11
RE_007586,427439.72
RE_001723,358589.23
RE_014698,203056.58
RE_007376,569479.22
RE_004656,558583.23
RE_015364,364605.36
RE_005802,2049388.29
RE_009892,834636.52
RE_007964,188991.44
RE_012714,768462.54
RE_006349,875218.84
RE_003922,932606.01
RE_003136,740217.12
RE_000739,1428828.02
RE_008573,252620.95
RE_014337,467503.68
RE_017785,535482.28
RE_017073,853328.53
RE_010256,257507.86
RE_006592,278331.39
RE_009769,189864.39
RE_017395,144109.62
RE_014915,612906.69
RE_008732,710857.58
RE_001473,587050.32
RE_008581,486063.19
RE_011108,1135155.3
RE_009078,2407396.99
RE_007044,77299.09
RE_006635,516394.06
RE_003232,259482.5
RE_007958,633289.32
RE_011588,242726.18
RE_001141,2183801.27
RE_017881,263303.18
RE_012632,474622.56
RE_002484,503026.47
RE_002688,1105517.33
RE_004208,586582.8
RE_018110,595139.22
RE_009993,881399.2
RE_001121,471406.3
RE_002763,462010.55
RE_010988,222927.47
RE_004195,478222.43
RE_012819,1596843.55
RE_016528,125408.37
RE_009276,1890950.7
RE_006508,1603576.77
RE_010112,449142.83
RE_009166,797006.15
RE_011615,1714748.09
RE_014879,67838.96
RE_010483,465463.11
RE_006020,569669.9
RE_006418,474204.96
RE_004953,663985.12
RE_017488,350669.81
RE_001526,517176.07
RE_018299,1016324.54
RE_011569,555957.86
RE_002000,670337.68
RE_000422,816779.14
RE_016749,297317.37
RE_016253,7523035.24
RE_006327,4171622.86
RE_013553,450334.42
RE_013006,313262.43
RE_012848,685602.72
RE_004635,339181.57
RE_000874,122679.97
RE_004204,519014.45
RE_010448,252206.26
RE_017665,307884.47
RE_007087,243119.33
RE_001675,189091.83
RE_009115,362303.05
RE_000622,291369.73
RE_001804,218260.6
RE_013517,823762.44
RE_004777,67841.54
RE_003497,537571.08
RE_008067,855658.68
RE_016483,283641.52
RE_008842,136178.96
RE_005037,189830.48
RE_001247,1127981.81
RE_009348,249325.09
RE_015699,107635.01
RE_014701,277903.74
RE_014841,624789.55
RE_005531,147358.25
RE_003369,3345927.08
RE_002762,960206.91
RE_001885,219241.27
RE_011174,3953928.14
RE_007292,749988.83
RE_008699,252357.55
RE_001462,252109.07
RE_012858,270154.82
RE_010145,3269981.23
RE_001506,2896182.92
RE_015365,1309977.02
RE_011680,678912.78
RE_015322,358977.59
RE_015551,782937.68
RE_010520,717389.01
RE_006300,537019.37
RE_007963,485906.96
RE_015610,631900.23
RE_017295,677064.02
RE_012784,779938.87
RE_006002,295936.63
RE_016741,2059377.64
RE_011607,152538.68
RE_011957,732147.89
RE_005156,375763.51
RE_004842,122962.06
RE_014730,667179.92
RE_015022,177672.33
RE_009299,202147.16
RE_016348,784119.05
RE_015170,1086714.55
RE_013255,1848468.07
RE_001892,749837.52
RE_007714,806034.77
RE_016105,2319303.85
RE_007196,143492.91
RE_006879,648415.1
RE_011629,710840.13
RE_013665,148805.79
RE_007418,480330.99
RE_016933,632899.29
RE_008952,869457.56
RE_017555,199594.24
RE_008210,779279.12
RE_011000,102730.88
RE_004335,80999.49
RE_010615,201431.87
RE_013640,321620.34
RE_015575,53570.7
RE_011489,231370.89
RE_002139,377313.92
RE_000553,511437.31
RE_013184,444528.95
RE_004660,663541.31
RE_013880,1028144.15
RE_012386,432785.12
RE_004413,156700.58
RE_009976,228070.75
RE_004666,579832.64
RE_010139,256521.62
RE_003695,160097.4
RE_016656,355503.63
RE_010465,166521.54
RE_008086,480018.07
RE_005301,862700.8
RE_017076,407308.91
RE_001000,200381.78
RE_012000,484839.32
RE_006201,564322.3
RE_006389,840347.38
RE_002742,630196.8
RE_009062,1000498.58
RE_014126,304995.18
RE_018170,595072.94
RE_014361,249379.54
RE_004532,716093.21
RE_000543,826289.22
RE_013662,140022.84
RE_013751,242553.88
RE_002618,720079.22
RE_008334,152251.26
RE_000339,586163.01
RE_014570,1177937.53
RE_000109,200759.16
RE_011705,279560.3
RE_015309,2215693.83
RE_005750,307385.73
RE_014259,924231.24
RE_012621,541365.66
RE_002651,146356.41
RE_004831,461831.77
RE_016932,468831.22
RE_008091,6038097.27
RE_004054,879883.38
RE_007293,682307.37
RE_009412,268153.22
RE_012875,2773696.25
RE_017085,158895.94
RE_008229,216768.36
RE_012960,1710780.22
RE_001535,957744.24
RE_017928,504358.11
RE_009841,2405820.01
RE_000049,472411.14
RE_008857,1551205.01
RE_001232,550611.1
RE_009778,940315.06
RE_002192,2725448.49
RE_002697,696982.96
RE_006154,281741.83
RE_016352,910502.08
RE_006470,794110.79
RE_002042,175513.32
RE_011600,212233.09
RE_007567,149175.66
RE_001202,446696.79
RE_002502,196667.29
RE_013283,805610.27
RE_005927,660536.37
RE_008806,676966.26
RE_003938,308267.99
RE_013566,446537.8
RE_006796,459744.78
RE_017178,400684.44
RE_011775,169620.54
RE_000987,3594371.07
RE_007278,228505.74
RE_001836,564335.55
RE_000634,287024.23
RE_017590,837617.14
RE_009491,9520530.62
RE_007360,631843.84
RE_014960,571114.68
RE_001656,620832.15
RE_011758,570728.2
RE_000350,359656.8
RE_017522,703854.74
RE_015305,505911.84
RE_006385,631258.5
RE_012256,542247.06
RE_002621,283586.58
RE_011985,568311.11
RE_008504,311272.78
RE_000995,53982.52
RE_006019,179818.09
RE_006989,383814.25
RE_011840,704676.41
RE_011401,506725.54
RE_016510,650757.77
RE_011234,333925.18
RE_008962,954803.22
RE_010806,451258.77
RE_003106,526010.77
RE_012239,2392139.55
RE_013276,833127.17
RE_001976,695378.1
RE_000292,2879568.6
RE_006670,798902.34
RE_016626,102406.51
RE_013190,607014.84
RE_001753,924429.43
RE_007199,624431.32
RE_017982,340130.17
RE_010820,590299.53
RE_006466,717070.79
RE_013340,460124.59
RE_002865,422168.89
RE_000435,339374.26
RE_007291,528604.92
RE_006658,85649.01
RE_013315,1451713.15
RE_016638,391007.55
RE_014747,758294.26
RE_012820,1064214.54
RE_013727,829697.54
RE_010440,1733469.75
RE_017174,423942.94
RE_017962,821867.29
RE_014380,358356.29
RE_000904,1122432.23
RE_012466,458282.0
RE_004298,515503.12
RE_010525,168919.5
RE_015780,779026.82
RE_002881,3879500.17
RE_001765,230823.44
RE_014138,916049.81
RE_015841,202575.15
RE_000992,250129.06
RE_009820,588705.11
RE_013615,295415.84
RE_006492,580667.18
RE_009588,450238.57
RE_009561,433579.42
RE_001487,412039.39
RE_016032,234034.93
RE_017973,1717609.77
RE_016103,339353.49
RE_013913,313328.27
RE_011046,4717468.8
RE_014559,416883.22
RE_006707,426211.27
RE_005796,658477.46
RE_005751,523683.92
RE_013401,607396.7
RE_012232,411129.38
RE_008807,327019.24
RE_001131,268388.45
RE_018116,4519381.59
RE_014265,97620.79
RE_013116,1429164.91
RE_003250,262649.77
RE_014481,707299.63
RE_015311,621196.54
RE_004329,367413.07
RE_004588,521366.63
RE_009026,995944.33
RE_017535,526275.58
RE_006706,2344519.42
RE_014206,304638.3
RE_005271,141594.92
RE_015661,568652.27
RE_007802,447431.12
RE_005516,164636.13
RE_000651,369746.29
RE_006008,1576368.94
RE_005815,2281862.8
RE_010443,693514.83
RE_008670,2317901.76
RE_001670,376097.27
RE_002730,187378.74
RE_012987,3739601.66
RE_007865,93690.81
RE_008618,779966.2
RE_012125,785234.67
RE_013379,204178.43
RE_006295,436247.49
RE_015462,239637.38
RE_004303,566029.7
RE_004340,450382.81
RE_004155,490736.66
RE_014944,685564.16
RE_006859,529755.47
RE_006947,202204.76
RE_009808,961998.23
RE_009760,334382.83
RE_014940,1059068.73
RE_016175,539410.55
RE_018245,146157.41
RE_013797,11348664.93
RE_007343,663892.84
RE_004531,720100.54
RE_001415,175384.81
RE_014215,103296.52
RE_003326,623066.92
RE_010196,1089201.41
RE_005086,467675.17
RE_003785,498698.67
RE_011203,748940.15
RE_006957,720859.46
RE_015482,196937.38
RE_004873,342817.61
RE_005677,1970892.6
RE_013947,539813.63
RE_010083,1857960.99
RE_009702,333554.49
RE_014002,712066.24
RE_005330,830244.5
RE_012527,314564.37
RE_015689,242026.15
RE_005903,242490.54
RE_006671,10334924.78
RE_012103,2311351.02
RE_001354,111791.89
RE_016763,694616.69
RE_014755,1178625.36
RE_007744,572504.59
RE_018162,127764.19
RE_017821,412155.13
RE_006224,373704.64
RE_001041,851734.61
RE_017408,393110.08
RE_017995,120383.26
RE_011169,988172.21
RE_007272,264604.39
RE_011951,370400.74
RE_001989,1067572.43
RE_014857,529745.04
RE_005331,430523.6
RE_005848,297620.51
RE_014817,5510452.61
RE_004058,84111.41
RE_001198,981640.3
RE_012681,382839.45
RE_001305,796586.49
RE_009508,377137.47
RE_004977,751433.69
RE_004721,284184.7
RE_016996,189226.4
RE_008619,369510.75
RE_004109,1172184.65
RE_009061,113456.39
RE_013709,180202.45
RE_003773,296677.14
RE_002679,325589.69
RE_014753,675714.81
RE_013355,814810.38
RE_000701,636736.23
RE_003925,327462.19
RE_013646,676682.4
RE_016622,133286.63
RE_004426,224399.43
RE_001677,281170.66
RE_014398,721373.75
RE_003505,435703.9
RE_008413,616006.54
RE_000745,758246.94
RE_012145,919575.75
RE_010931,212116.02
RE_012237,1716066.88
RE_004652,162490.76
RE_017314,429284.13
RE_002709,809394.86
RE_012471,193540.05
RE_009218,844046.61
RE_010921,386808.53
RE_002180,1171797.56
RE_009220,332541.13
RE_000432,1373799.01
RE_017134,450664.31
RE_015426,133680.72
RE_005344,1754740.7
RE_010255,804261.03
RE_004484,530783.67
RE_012181,419516.53
RE_012961,307794.9
RE_012473,1050540.23
RE_002253,607429.78
RE_015986,367223.66
RE_012361,599243.11
RE_007297,772954.29
RE_005401,153113.28
RE_012005,291981.22
RE_000062,646528.49
RE_011073,486920.26
RE_007976,703907.77
RE_005522,66886.15
RE_000402,724718.3
RE_010748,577729.66
RE_009453,268323.97
RE_014344,399108.89
RE_000627,294067.48
RE_000556,192814.07
RE_017990,335266.35
RE_003444,219889.42
RE_005456,457655.24
RE_007747,1228173.98
RE_005763,216277.72
RE_015100,609046.17
RE_008367,491742.79
RE_008804,378031.18
RE_016002,608534.11
RE_013539,548661.96
RE_013785,804741.45
RE_005462,1259534.8
RE_011009,355516.46
RE_009895,267921.72
RE_002996,247712.84
RE_007581,418661.0
RE_010282,4257959.89
RE_004678,1379282.04
RE_014335,240826.32
RE_005241,670260.94
RE_013515,639738.75
RE_009858,601364.64
RE_012052,250216.71
RE_007252,662415.15
RE_011716,509481.36
RE_012341,3036698.28
RE_011074,449451.83
RE_007255,165313.63
RE_006375,365421.26
RE_015129,507217.61
RE_002486,356985.01
RE_013650,325258.91
RE_015549,1396421.77
RE_000903,210666.08
RE_004895,444412.39
RE_004653,345262.95
RE_013162,313594.53
RE_003305,12452843.99
RE_011397,551373.82
RE_002258,685801.92
RE_017262,682431.38
RE_011005,669570.46
RE_016799,250093.98
RE_012487,367816.85
RE_015303,390319.08
RE_008698,231817.66
RE_011010,805178.38
RE_002166,215767.3
RE_011621,1023514.44
RE_007879,283877.93
RE_009422,492448.25
RE_003329,209346.93
RE_009058,3177936.98
RE_006556,491525.49
RE_003386,957043.4
RE_014851,522727.47
RE_004499,669014.91
RE_010985,266704.02
RE_012182,1062277.69
RE_009816,628593.45
RE_014235,345023.87
RE_008576,1031751.8
RE_004792,710028.63
RE_005579,487024.76
RE_017330,516662.48
RE_017387,202908.37
RE_006678,774550.54
RE_005195,506558.96
RE_009567,693552.44
RE_004025,807604.25
RE_016107,2511278.77
RE_010800,328278.18
RE_002556,746646.16
RE_004586,1676016.4
RE_007474,56761.76
RE_000564,347661.56
RE_013924,1073619.97
RE_011249,6310379.35
RE_008640,447208.25
RE_008764,417366.46
RE_015161,2692387.27
RE_016257,326809.21
RE_015087,571020.26
RE_012333,1667461.49
RE_001883,523317.11
RE_008143,735162.41
RE_003764,448656.19
RE_009994,439005.95
RE_000923,485625.26
RE_013613,137515.51
RE_000533,720657.79
RE_005757,99956.22
RE_004359,272406.61
RE_016185,740450.15
RE_000708,549012.1
RE_007358,553444.09
RE_009183,434069.27
RE_010170,280002.28
RE_017452,525117.09
RE_005497,162080.73
RE_010214,3251709.23
RE_001402,192538.91
RE_016248,1188142.72
RE_005833,772263.47
RE_016062,470833.04
RE_004071,1057469.54
RE_013065,417833.66
RE_009664,482179.1
RE_000935,509875.97
RE_015324,486475.64
RE_013720,663572.13
RE_002320,830238.87
RE_016480,990103.71
RE_009687,405625.24
RE_008884,86147.2
RE_001169,509142.73
RE_003777,644272.49
RE_003725,888016.24
RE_005204,71500.9
RE_008629,408868.2
RE_007160,522937.18
RE_000793,238678.85
RE_013843,303132.91
RE_001702,467015.99
RE_011141,779240.15
RE_000437,1213259.39
RE_009890,185880.23
RE_000559,320384.1
RE_015334,343197.72
RE_001801,244805.5
RE_004743,3262045.04
RE_000973,566700.85
RE_010420,1113321.46
RE_012192,942737.77
RE_009224,650312.25
RE_015190,276756.82
RE_009369,314491.92
RE_004386,834071.56
RE_002288,520021.99
RE_013706,482986.18
RE_004911,925811.74
RE_013977,669445.51
RE_000463,219989.36
RE_012153,712640.75
RE_004172,969531.85
RE_015108,129787.09
RE_015839,481502.19
RE_017451,903383.1
RE_015918,58187.86
RE_014239,391206.56
RE_016870,78316.04
RE_010727,193663.91
RE_005174,911381.69
RE_004091,404890.88
RE_010706,478440.42
RE_003899,1040128.43
RE_017148,1054979.49
RE_014866,665920.37
RE_013258,606850.75
RE_008600,3672305.03
RE_017251,151854.79
RE_004259,273291.49
RE_015044,408081.83
RE_017108,486830.0
RE_001324,1366940.39
RE_015638,416803.53
RE_012019,348926.73
RE_006426,554041.99
RE_015335,1044309.78
RE_005783,479851.58
RE_015202,429347.87
RE_014906,192169.18
RE_007112,765100.17
RE_012766,1274948.13
RE_014250,693926.3
RE_000817,469283.87
RE_009963,813750.02
RE_003644,259007.49
RE_000560,176564.76
RE_009705,210074.73
RE_012044,5901741.96
RE_017068,623881.28
RE_016988,216707.01
RE_008436,925362.62
RE_013540,380782.52
RE_014700,407803.96
RE_013392,1177369.59
RE_001225,96441.15
RE_016693,633096.23
RE_008455,284002.37
RE_011737,351808.35
RE_009367,587129.95
RE_006175,722230.02
RE_007830,352854.95
RE_004177,180652.16
RE_003982,352868.8
RE_014797,261851.1
RE_018244,459743.96
RE_000911,572679.01
RE_017703,402836.01
RE_016817,574855.93
RE_013464,176510.78
RE_015003,286342.52
RE_000734,453140.02
RE_004341,410874.61
RE_009884,801007.79
RE_005533,139386.51
RE_005816,271061.17
RE_006979,260456.12
RE_007162,384810.43
RE_017742,484853.87
RE_015703,635511.27
RE_011681,3204471.26
RE_014382,571986.91
RE_015952,716196.73
RE_007296,705868.78
RE_014996,660553.53
RE_016507,197779.87
RE_013830,975155.8
RE_015466,675792.25
RE_005009,961333.46
RE_017638,1236714.89
RE_002546,338885.51
RE_013780,665666.31
RE_006552,743129.55
RE_017668,279116.1
RE_010396,396852.44
RE_001373,1243076.26
RE_012063,2098343.77
RE_016319,597966.62
RE_015314,746089.29
RE_013542,326598.2
RE_013183,8180069.59
RE_003022,412193.17
RE_014273,191123.25
RE_014513,676791.7
RE_011502,690653.83
RE_005754,125069.86
RE_010186,652913.37
RE_011831,2342669.24
RE_006040,295760.65
RE_006409,316543.15
RE_003356,576675.08
RE_017048,1766196.63
RE_017354,468292.14
RE_014168,502315.75
RE_012018,185917.51
RE_014613,612312.39
RE_015019,549157.99
RE_006018,629630.99
RE_011493,612104.81
RE_014112,2860084.27
RE_002848,909692.46
RE_013263,14539.22
RE_008104,512128.06
RE_008972,1240822.54
RE_017334,529196.19
RE_014884,660189.99
RE_000943,710235.27
RE_000140,1178306.83
RE_004936,355591.65
RE_010839,864710.73
RE_004537,880360.78
RE_015106,421335.69
RE_011150,1030353.07
RE_012152,1026471.86
RE_002782,1185377.32
RE_008571,1278737.51
RE_012047,657595.08
RE_016745,315195.65
RE_015126,673433.97
RE_008307,486325.61
RE_002513,620414.25
RE_015034,424237.33
RE_009714,175900.67
RE_015628,298519.34
RE_003068,575399.62
RE_008293,269302.26
RE_007984,207021.61
RE_012364,518077.79
RE_000454,702208.58
RE_008865,929945.55
RE_001192,257624.89
RE_015962,8637600.58
RE_003772,566200.03
RE_001758,129933.83
RE_002409,389679.52
RE_000886,27081.62
RE_011261,4746299.12
RE_006870,406022.98
RE_013819,578985.95
RE_003038,134493.23
RE_015973,698088.5
RE_003598,447151.7
RE_006871,492443.38
RE_004866,845550.95
RE_006783,813715.11
RE_003620,1009571.02
RE_012261,264101.75
RE_009057,1038888.81
RE_010439,828101.47
RE_007388,335657.1
RE_001614,1272165.97
RE_008941,371553.01
RE_004847,147920.5
RE_016275,551523.19
RE_009067,450629.35
RE_002770,478980.0
RE_016091,1916685.64
RE_006344,589795.31
RE_011213,1157975.65
RE_014896,355537.67
RE_004478,718125.46
RE_000757,231737.38
RE_008515,786088.07
RE_010693,474598.8
RE_016971,558380.64
RE_013311,195546.38
RE_000861,1033235.19
RE_003558,344458.76
RE_012025,3956801.19
RE_000130,570003.33
RE_001601,718046.72
RE_001301,17632.71
RE_000092,473306.59
RE_010205,417353.28
RE_000877,1749148.81
RE_009315,341200.58
RE_007011,660828.22
RE_012629,156742.96
RE_015662,485636.14
RE_009799,2198138.49
RE_017248,487886.44
RE_005254,678726.15
RE_009888,272485.61
RE_014094,267398.46
RE_010958,1270694.33
RE_001241,3972215.14
RE_008914,438287.53
RE_000893,1240298.96
RE_012460,1908738.79
RE_018053,336315.52
RE_007960,402043.61
RE_001599,825687.73
RE_001088,427631.89
RE_004509,428679.84
RE_005173,914113.62
RE_004435,1380161.13
RE_012167,476248.27
RE_011398,361098.4
RE_001699,444016.6
RE_001811,238997.37
RE_001423,591353.31
RE_013875,1183832.16
RE_008362,501780.57
RE_016249,469914.52
RE_006666,452170.0
RE_009520,1187586.49
RE_015284,296866.4
RE_008989,1161276.69
RE_006130,634927.15
RE_000035,531750.88
RE_011087,389711.18
RE_014134,1899781.0
RE_011350,2080951.25
RE_013825,307346.68
RE_000499,159791.99
RE_003818,365961.99
RE_005137,362932.8
RE_006364,610639.9
RE_016911,272107.72
RE_010494,467974.8
RE_000972,192432.36
RE_016748,596731.7
RE_005949,2603286.29
RE_004582,650211.89
RE_017269,483299.89
RE_006803,798070.68
RE_000541,719203.67
RE_007403,2994907.18
RE_016614,629969.9
RE_003741,183915.75
RE_012661,731247.65
RE_002185,1487913.24
RE_005948,505640.37
RE_017481,622918.97
RE_006220,303424.34
RE_007949,654405.55
RE_000656,689354.58
RE_014748,354376.94
RE_015859,356827.87
RE_002346,16003.23
RE_013852,587061.73
RE_002662,122742.25
RE_014342,8593602.47
RE_008953,458297.38
RE_018119,56486.95
RE_012077,806948.61
RE_006448,451748.73
RE_000635,421491.65
RE_005909,1780739.72
RE_011842,477353.29
RE_005465,372226.84
RE_001375,490420.31
RE_016810,1156835.11
RE_007615,285454.91
RE_012222,278451.16
RE_003040,2788005.94
RE_001906,1007681.74
RE_016819,31937.46
RE_003338,649159.74
RE_008078,490441.22
RE_002439,653833.35
RE_005460,584626.33
RE_006619,590878.85
RE_000872,676545.81
RE_013457,174380.39
RE_003256,490185.2
RE_016943,1488726.65
RE_015389,205021.54
RE_016596,471570.17
RE_009845,1193293.4
RE_008205,131072.56
RE_012967,128894.06
RE_013801,622503.79
RE_003085,339288.05
RE_003649,798673.54
RE_004592,309378.47
RE_014891,309750.36
RE_016657,257797.27
RE_012783,7559584.53
RE_013750,522239.94
RE_007735,3964472.43
RE_016203,553445.48
RE_003379,811554.55
RE_004179,239760.28
RE_012558,708619.01
RE_011687,378572.85
RE_016034,1211194.35
RE_010755,591707.2
RE_013949,430532.52
RE_000828,2956126.14
RE_010906,545899.97
RE_013480,376060.33
RE_012388,251571.28
RE_004132,362452.43
RE_012310,814412.37
RE_003744,383826.97
RE_001807,5219619.41
RE_002172,1259193.35
RE_012589,1410417.9
RE_010589,903710.42
RE_004264,459784.86
RE_016664,369847.72
RE_001235,2854160.19
RE_009592,252805.13
RE_013271,308554.32
RE_002323,691881.34
RE_004795,2905349.32
RE_014396,528596.46
RE_000955,657296.99
RE_003912,713729.55
RE_001314,264734.04
RE_012521,314186.26
RE_007875,444899.49
RE_007374,455021.53
RE_010897,2745960.53
RE_014939,147898.01
RE_005501,354662.14
RE_001345,230916.38
RE_007454,661900.08
RE_004276,385929.64
RE_012942,269046.7
RE_008926,1242529.59
RE_015175,222046.7
RE_008031,552329.93
RE_015297,215547.66
RE_009291,729838.28
RE_001778,610134.77
RE_007863,474220.15
RE_014449,456374.95
RE_012922,377127.59
RE_012136,416613.36
RE_006160,3474026.27
RE_000577,1624608.42
RE_005974,365547.1
RE_002607,10958547.72
RE_006055,335603.14
RE_013393,23010.38
RE_003341,331339.0
RE_014466,559702.34
RE_007294,10157854.02
RE_018104,243844.69
RE_001963,661090.06
RE_011918,540011.35
RE_007839,737386.31
RE_006824,817384.13
RE_009125,635704.01
RE_013757,1535702.78
RE_006997,7115294.34
RE_001499,234638.0
RE_009427,361666.64
RE_015734,1656340.48
RE_006417,246807.86
RE_004940,602673.14
RE_004662,402664.77
RE_016992,3664126.74
RE_004625,217412.42
RE_017340,419217.41
RE_003284,307017.88
RE_002395,291823.18
RE_007513,460809.46
RE_009280,200276.33
RE_010266,869942.76
RE_009666,724138.61
RE_003233,7469569.6
RE_008879,653199.94
RE_001170,506312.56
RE_015409,949658.13
RE_011665,239103.26
RE_015883,323749.47
RE_009039,359521.8
RE_009258,565715.18
RE_014427,394813.13
RE_017101,73053.92
RE_000648,1297737.58
RE_012270,369745.05
RE_002740,204104.77
RE_007253,184776.89
RE_011248,2946912.91
RE_003007,2554136.76
RE_001843,200114.51
RE_007441,361804.36
RE_016509,118514.97
RE_011193,154702.09
RE_017713,922321.91
RE_001939,809957.51
RE_016476,1173263.16
RE_003769,343297.77
RE_001583,343538.9
RE_014595,930115.24
RE_007639,134219.27
RE_015949,572944.17
RE_017468,2171962.47
RE_014719,657897.03
RE_018065,2409969.79
RE_003377,957700.6
RE_011824,1446751.1
RE_005987,2086646.09
RE_002736,521542.45
RE_010242,1747328.99
RE_015068,219769.9
RE_012137,761905.37
RE_002673,666122.49
RE_007743,545538.09
RE_003894,654204.17
RE_005622,988889.09
RE_017961,921277.16
RE_012075,2360224.64
RE_012298,2179858.71
RE_015394,662475.02
RE_015443,885789.57
RE_016501,212847.14
RE_018252,240160.49
RE_007137,298526.34
RE_003629,549209.34
RE_008834,8159368.12
RE_001220,4200425.51
RE_002670,109547.27
RE_015005,548500.22
RE_007998,914454.95
RE_008378,282877.72
RE_012502,850480.81
RE_016294,187271.21
RE_008235,919974.92
RE_004205,607235.28
RE_003928,308201.85
RE_012686,466497.91
RE_005231,675034.28
RE_014512,128527.59
RE_001364,241382.83
RE_008689,429457.84
RE_015958,446717.17
RE_012029,439855.87
RE_005638,445721.36
RE_007638,558886.52
RE_013885,4108587.64
RE_010056,371314.88
RE_015403,265952.81
RE_015572,462633.21
RE_007655,744579.88
RE_014056,7306941.14
RE_004746,778071.5
RE_007496,593531.19
RE_012851,681523.07
RE_012412,941818.97
RE_012989,185459.21
RE_005218,656910.67
RE_004325,603418.3
RE_016026,276307.3
RE_018269,99453.73
RE_000746,360665.76
RE_000595,527704.09
RE_012672,1444527.81
RE_016951,871157.64
RE_010790,923954.45
RE_006366,393373.1
RE_013622,434866.45
RE_018255,240270.41
RE_007650,520599.47
RE_010942,707578.16
RE_013633,10799344.02
RE_011649,127539.2
RE_010821,1899535.06
RE_005602,2132140.52
RE_003687,212916.64
RE_004899,428028.08
RE_004427,127958.01
RE_003638,569374.51
RE_002071,3062004.31
RE_007520,10964217.06
RE_014953,897346.73
RE_009627,302055.91
RE_016121,136918.55
RE_004004,8167895.66
RE_010177,1220128.75
RE_007331,2106645.98
RE_002773,293565.25
RE_006348,818703.09
RE_006469,755128.22
RE_004027,1136468.93
RE_017718,389454.42
RE_007381,266509.33
RE_008510,1225741.17
RE_017605,648861.11
RE_007250,510889.37
RE_005358,969611.63
RE_016730,232126.29
RE_011062,130084.17
RE_011295,313765.2
RE_004116,183979.67
RE_017485,467211.18
RE_001665,781945.99
RE_008627,140922.37
RE_017532,7588525.92
RE_014740,169970.12
RE_002653,295178.67
RE_010843,826713.39
RE_011445,240650.53
RE_011326,175706.84
RE_007736,1905545.14
RE_006804,1041583.99
RE_012340,145775.3
RE_005103,665635.65
RE_005528,189067.54
RE_000489,190473.59
RE_010371,721281.89
RE_015902,975268.42
RE_011612,480131.09
RE_016668,406887.27
RE_008417,564285.09
RE_017476,158989.63
RE_012862,263123.59
RE_009120,207811.07
RE_016590,935583.27
RE_000390,412553.02
RE_003223,754630.1
RE_007310,133981.32
RE_001412,895815.28
RE_007339,623708.41
RE_002553,2644828.31
RE_012215,132624.14
RE_017418,638442.37
RE_006254,7428553.25
RE_015042,620135.59
RE_004099,423595.52
RE_000275,582432.02
RE_013982,671999.9
RE_010998,116780.31
RE_002434,1846861.91
RE_009043,603892.0
RE_010819,428551.27
RE_014000,342948.31
RE_009244,201936.6
RE_016242,631317.3
RE_012573,549976.06
RE_017783,744079.4
RE_006025,444099.34
RE_002648,360718.68
RE_000055,1647262.11
RE_012083,356848.28
RE_006284,783010.85
RE_015091,282440.35
RE_006063,369178.8
RE_013213,685795.45
RE_011219,457860.4
RE_007517,111095.26
RE_013364,364326.09
RE_011677,430472.93
RE_017799,629255.56
RE_012992,203969.82
RE_009875,1031657.97
RE_005687,5267059.74
RE_003648,390785.78
RE_008395,2539840.58
RE_005325,8952735.84
RE_015236,1431117.72
RE_000031,203069.22
RE_014065,508567.58
RE_012346,222856.05
RE_015154,355209.62
RE_016725,528811.72
RE_008290,320938.33
RE_008793,200548.81
RE_017165,207621.18
RE_002831,624714.09
RE_009741,175576.15
RE_012553,1433035.6
RE_002197,320825.64
RE_015222,1459487.47
RE_014321,523363.97
RE_002850,365495.35
RE_014526,230356.71
RE_009111,1665227.88
RE_011713,486729.05
RE_010115,628761.71
RE_004830,949348.18
RE_010403,863155.91
RE_017533,457839.76
RE_010822,313477.14
RE_009442,180780.97
RE_012932,629527.27
RE_004507,145868.41
RE_004062,422429.61
RE_008993,1889958.79
RE_016043,677919.97
RE_006662,1043396.2
RE_012890,1110432.19
RE_009076,1128493.93
RE_018228,477739.3
RE_008323,113289.01
RE_005375,22340.54
RE_008354,1154382.77
RE_005604,449221.32
RE_017494,36517.51
RE_007445,2245978.47
RE_003844,999131.4
RE_016728,480939.94
RE_009568,1130638.52
RE_000836,805789.52
RE_004560,548576.25
RE_011084,124828.09
RE_014769,907438.47
RE_010077,599323.65
RE_000050,1157920.62
RE_018035,572385.0
RE_018095,906665.75
RE_013394,500690.7
RE_001687,565850.56
RE_009733,299459.87
RE_000849,577694.78
RE_016637,530681.42
RE_016934,545881.77
RE_011593,654606.03
RE_003692,206494.11
RE_010620,715146.86
RE_013717,303682.52
RE_017482,662118.98
RE_003146,266616.31
RE_011194,501898.92
RE_012105,478124.45
RE_003841,657630.68
RE_008260,571915.12
RE_007504,711898.07
RE_015183,615313.0
RE_006581,204410.86
RE_005188,329755.44
RE_014480,408493.79
RE_001493,236327.81
RE_005866,277031.4
RE_013414,276994.34
RE_016939,291972.48
RE_013112,586245.24
RE_002938,772793.19
RE_012015,376600.39
RE_004558,1113183.69
RE_005958,520439.69
RE_013384,271720.97
RE_007208,555717.29
RE_004296,478914.71
RE_000696,168319.03
RE_007858,621858.42
RE_009882,128656.43
RE_011890,310650.98
RE_003061,825088.3
RE_000394,514115.01
RE_013679,97806.98
RE_001356,611297.95
RE_001773,3366037.38
RE_004747,551429.5
RE_015993,273175.34
RE_008864,261294.65
RE_011765,1633313.31
RE_013647,382476.38
RE_002873,318666.19
RE_014014,741315.55
RE_000827,734905.17
RE_013159,772028.4
RE_011499,372340.97
RE_017129,373785.17
RE_008029,1611524.31
RE_009631,617713.21
RE_011315,1283882.71
RE_014834,31430.41
RE_008666,491268.82
RE_018124,468177.89
RE_010756,627781.16
RE_006673,593164.9
RE_001862,1473900.37
RE_008918,353756.81
RE_014406,3034708.01
RE_016601,1079531.95
RE_004283,72349.58
RE_009373,279528.49
RE_009689,379216.0
RE_000882,357768.52
RE_002520,728166.27
RE_013573,8232923.54
RE_008135,543368.95
RE_000332,8246432.26
RE_007509,840616.39
RE_018178,312050.28
RE_014309,713588.58
RE_011570,744200.41
RE_014499,673708.06
RE_012255,505323.89
RE_014401,1141018.26
RE_013859,5209775.31
RE_016274,114665.68
RE_013434,1167532.77
RE_009501,447569.15
RE_009317,1616947.22
RE_005002,903172.25
RE_011672,579884.36
RE_005369,587525.13
RE_011609,606236.54
RE_008785,1203662.11
RE_015517,398303.03
RE_015795,331502.88
RE_001298,572427.74
RE_000118,473197.15
RE_017539,149276.99
RE_001868,2928162.8
RE_007197,628146.73
RE_012078,398963.67
RE_011686,387810.0
RE_007026,413996.75
RE_004897,569906.57
RE_015581,1399663.35
RE_009452,382475.04
RE_009757,747150.38
RE_012440,351963.48
RE_003466,633318.62
RE_008057,720382.54
RE_000661,534424.73
RE_005601,368453.65
RE_003683,5110553.83
RE_015873,749185.83
RE_007832,198567.13
RE_015614,840010.07
RE_017512,610670.25
RE_008230,627822.77
RE_001685,611255.21
RE_006793,234313.48
RE_004736,549044.12
RE_013084,968798.39
RE_011592,835636.58
RE_004320,316280.74
RE_013141,446047.21
RE_001637,667587.77
RE_012155,2937561.38
RE_016842,478624.22
RE_010769,580622.39
RE_008683,189677.46
RE_003514,546807.81
RE_014276,402533.61
RE_016399,30750.37
RE_002485,695644.94
RE_012353,797304.83
RE_001477,227797.91
RE_005882,676995.16
RE_012926,276065.96
RE_007113,510034.89
RE_002928,863549.29
RE_001694,490222.77
RE_003110,288415.6
RE_006007,65116.25
RE_016313,749125.85
RE_015501,392215.5
RE_004246,454870.07
RE_012357,348049.27
RE_009121,299447.21
RE_004915,139559.71
RE_009634,1503085.98
RE_000665,521741.47
RE_001390,795008.74
RE_002411,411819.92
RE_014684,454457.28
RE_004167,467221.41
RE_000285,595500.8
RE_008743,6186532.93
RE_009584,491872.96
RE_007433,392178.08
RE_000984,579908.77
RE_000959,244035.88
RE_003144,974619.08
RE_002403,1299636.54
RE_015639,370448.46
RE_007017,296138.02
RE_017144,483981.89
RE_008390,468301.13
RE_015755,656266.7
RE_017963,632620.97
RE_014990,264359.56
RE_004547,311436.98
RE_006924,954737.38
RE_006419,667990.85
RE_008063,985204.72
RE_001726,6600406.81
RE_002560,603204.39
RE_013569,730463.48
RE_017160,1569806.28
RE_008494,874366.42
RE_004790,184559.74
RE_008586,486231.96
RE_005314,444266.16
RE_007135,180720.04
RE_016530,194289.54
RE_017169,275393.12
RE_002752,347875.85
RE_002929,246512.06
RE_008788,266153.07
RE_013148,3241582.07
RE_006865,1058032.98
RE_011032,151468.23
RE_009928,301731.8
RE_011631,503326.25
RE_002047,269880.95
RE_006797,180401.69
RE_017795,808989.41
RE_007472,462118.59
RE_016197,135176.08
RE_010006,266389.28
RE_001896,579636.9
RE_003016,711329.84
RE_008960,156719.41
RE_017752,651315.53
RE_002222,160286.27
RE_003414,671289.05
RE_007769,4070754.02
RE_004262,803841.67
RE_018240,133656.88
RE_015836,343672.46
RE_004703,290581.13
RE_010948,852316.55
RE_008541,272399.08
RE_005168,1208721.66
RE_000058,2399124.83
RE_000344,851812.91
RE_003588,1115154.37
RE_000674,484760.81
RE_016805,748690.41
RE_005680,424673.27
RE_005334,1295759.11
RE_006817,210860.12
RE_000393,484508.01
RE_013399,637714.63
RE_003157,510157.4
RE_000335,1899551.94
RE_006073,527716.75
RE_003134,468257.44
RE_017020,478076.78
RE_013286,690872.58
RE_006176,5261546.05
RE_005612,517303.74
RE_008238,206548.03
RE_005415,816637.62
RE_003665,1064000.98
RE_010663,1026689.29
RE_005253,993193.18
RE_007911,904008.85
RE_012437,603764.77
RE_005834,282403.19
RE_014861,534340.63
RE_017954,2317356.81
RE_001662,1935632.44
RE_014476,42950.24
RE_013521,264579.96
RE_001533,708119.84
RE_007580,598235.73
RE_002904,339254.67
RE_018164,1464135.95
RE_003897,512572.56
RE_005632,300883.34
RE_016952,433754.0
RE_015712,1286226.61
RE_002784,589387.16
RE_010789,744618.17
RE_004815,424760.72
RE_005235,552326.7
RE_006585,461815.12
RE_013976,886682.55
RE_002276,558482.32
RE_016283,143901.25
RE_007115,423509.02
RE_000725,462752.75
RE_005742,984838.33
RE_006085,1033076.83
RE_012195,823955.54
RE_017109,148134.05
RE_008497,302787.53
RE_000412,548077.81
RE_016542,1676491.16
RE_004159,754495.54
RE_005921,699219.79
RE_001464,3193320.78
RE_002989,241041.87
RE_001823,545179.1
RE_009024,514756.52
RE_001724,10353984.73
RE_015166,501454.32
RE_009371,717243.47
RE_008544,664949.81
RE_005175,455924.67
RE_018011,368203.54
RE_004973,683363.78
RE_013228,673612.16
RE_011881,187623.23
RE_009438,381551.79
RE_009384,606291.33
RE_005918,9377083.72
RE_001579,160972.19
RE_017812,785290.52
RE_000615,45806.39
RE_002656,737416.8
RE_003454,1607415.83
RE_007533,611141.04
RE_016156,1273533.56
RE_012395,347081.17
RE_015523,95158.53
RE_006332,834978.53
RE_001847,476925.7
RE_014629,333671.58
RE_015391,880691.08
RE_012695,238818.12
RE_008860,283778.98
RE_012873,505197.93
RE_002188,570591.5
RE_000784,420912.71
RE_014154,564227.5
RE_016661,362218.21
RE_012646,361476.77
RE_003660,1472382.49
RE_006167,456878.48
RE_006471,677685.48
RE_010173,615972.13
RE_009213,988976.82
RE_015329,2238492.57
RE_001299,531809.66
RE_010088,185618.19
RE_016539,569679.25
RE_008155,1119080.76
RE_005737,851058.1
RE_014735,1113906.13
RE_010506,1190805.47
RE_001782,208977.78
RE_011113,916463.3
RE_011011,742354.72
RE_003608,598218.84
RE_008708,320231.24
RE_002647,1029389.78
RE_017731,360046.17
RE_015159,777220.18
RE_009485,139193.86
RE_011727,610819.31
RE_017896,944710.11
RE_009163,118091.23
RE_013682,425167.02
RE_015470,483059.0
RE_008164,429676.44
RE_009706,467930.29
RE_014441,603344.28
RE_012564,482379.71
RE_004043,3243456.67
RE_001714,116719.77
RE_016676,382113.99
RE_010969,409366.55
RE_006026,564506.37
RE_011664,4710911.52
RE_005752,247777.56
RE_013973,1282914.11
RE_006754,636112.2
RE_016092,274405.65
RE_003892,529742.04
RE_005242,696124.21
RE_016771,599054.4
RE_006053,101012.17
RE_014428,652320.76
RE_004115,598475.99
RE_000388,417060.64
RE_016922,558965.42
RE_003189,308137.12
RE_002461,1379820.84
RE_002218,1220906.48
RE_005224,847583.33
RE_011524,505013.02
RE_004794,175583.29
RE_011402,528034.12
RE_014692,314528.61
RE_000159,176073.12
RE_003162,246137.72
RE_010688,3062482.41
RE_007154,557350.84
RE_008335,3087842.09
RE_002428,330597.82
RE_015283,257446.13
RE_016566,1525327.28
RE_008682,557732.84
RE_009614,877342.16
RE_008246,651758.3
RE_000500,564048.65
RE_001457,96998.47
RE_017460,690714.41
RE_009832,151834.54
RE_008626,924887.7
RE_014227,231880.84
RE_003539,452799.43
RE_004514,1299297.96
RE_007036,270665.99
RE_013611,1427245.9
RE_000149,2481046.13
RE_001850,303970.85
RE_002878,436552.79
RE_015339,190453.15
RE_010479,453281.9
RE_008537,319661.77
RE_004562,701980.93
RE_004527,369019.04
RE_002012,796244.55
RE_007774,2283266.87
RE_008380,349264.39
RE_011738,394729.55
RE_000545,927608.71
RE_000371,512843.35
RE_000654,609126.65
RE_009855,777112.32
RE_015784,640236.17
RE_001623,627988.83
RE_014473,500529.4
RE_016059,111825.0
RE_002641,199736.87
RE_011281,352326.57
RE_002337,1625656.77
RE_011475,261699.75
RE_004457,525559.43
RE_010155,207017.17
RE_000100,1691036.51
RE_003273,241471.48
RE_001902,414100.25
RE_004234,372145.55
RE_008728,750011.25
RE_006412,1043416.84
RE_018028,365428.58
RE_002566,501424.07
RE_003782,610495.49
RE_006663,284688.6
RE_001188,871039.8
RE_000406,619023.48
RE_007662,304947.52
RE_005895,683130.34
RE_007097,623663.99
RE_014295,409039.94
RE_013347,1641985.11
RE_001701,889855.51
RE_015640,1255115.85
RE_018085,877064.26
RE_013491,1529612.96
RE_007415,301476.57
RE_013267,624937.19
RE_002310,730216.53
RE_007341,523905.78
RE_003652,447778.96
RE_016474,741565.06
RE_004704,851217.36
RE_010643,639013.32
RE_005051,1575640.12
RE_000069,674396.66
RE_009849,260620.28
RE_005584,58432.31
RE_000829,765116.63
RE_004584,240899.66
RE_005125,831369.5
RE_000303,592495.09
RE_005264,155140.85
RE_003128,1234121.65
RE_017301,838938.27
RE_002540,403938.71
RE_010438,105800.22
RE_000606,1186809.07
RE_004147,6243102.38
RE_016759,647495.34
RE_015996,515307.47
RE_013754,333065.4
RE_016795,156566.81
RE_013583,987749.23
RE_001425,1247713.06
RE_010671,542013.79
RE_014947,703031.28
RE_007536,856197.4
RE_010793,524288.95
RE_013707,347252.97
RE_002632,213283.9
RE_015127,4998963.71
RE_015356,760934.07
RE_004741,390865.31
RE_013916,202308.93
RE_014085,76638.51
RE_015535,454959.53
RE_007776,195270.48
RE_010399,1069373.4
RE_012372,431651.64
RE_001927,142136.06
RE_018048,373953.77
RE_001174,402505.68
RE_004008,166908.91
RE_013009,511120.82
RE_008157,263149.49
RE_003878,487105.86
RE_014581,403274.24
RE_007338,264247.57
RE_012860,498285.34
RE_006645,246342.71
RE_014832,1154778.82
RE_006902,406576.56
RE_004892,1559565.24
RE_011853,951212.99
RE_013185,820439.14
RE_009668,1019408.86
RE_005122,1837826.55
RE_010253,178504.28
RE_000021,538322.29
RE_011091,891807.73
RE_007079,243175.41
RE_016531,383242.05
RE_010601,41714.91
RE_004041,1069124.81
RE_009981,409569.67
RE_012196,387860.3
RE_007612,962713.56
RE_017608,52304.44
RE_010987,596592.73
RE_017987,485913.34
RE_013816,3089138.21
RE_007957,455084.56
RE_013756,204883.67
RE_008426,189168.91
RE_003871,467948.73
RE_007076,410959.68
RE_000091,757248.64
RE_007330,1083540.09
RE_017871,3225986.76
RE_006181,397404.44
RE_005039,623151.21
RE_007616,271446.51
RE_016214,482505.38
RE_010183,158359.95
RE_011244,430991.62
RE_004900,693345.76
RE_000875,175075.64
RE_016592,512667.65
RE_015396,528349.69
RE_015649,1612268.26
RE_005749,2143115.47
RE_011799,320295.98
RE_007585,649761.52
RE_004780,525125.2
RE_012014,603400.89
RE_000614,186139.95
RE_014790,1707311.2
RE_011352,961212.89
RE_011783,283561.04
RE_008059,1292051.62
RE_011949,236275.14
RE_013375,947230.04
RE_006104,425830.73
RE_013460,335527.79
RE_004411,329986.68
RE_004357,2475506.98
RE_011119,481233.18
RE_018021,485912.72
RE_000263,748434.65
RE_004491,449389.6
RE_000510,822322.23
RE_017423,1299146.17
RE_007095,329188.02
RE_000605,698298.49
RE_007691,243380.46
RE_007049,526456.46
RE_006113,363887.11
RE_001347,294094.1
RE_016409,143299.48
RE_017260,103482.76
RE_017028,543903.18
RE_009594,835342.9
RE_015171,1457202.72
RE_015070,547863.81
RE_011958,478915.32
RE_005345,1486032.55
RE_009342,612668.1
RE_008716,231790.32
RE_009770,2709470.59
RE_011809,400678.93
RE_017672,147009.98
RE_003706,673841.26
RE_010347,859200.59
RE_007676,1128538.87
RE_008134,1055140.5
RE_007384,508307.52
RE_003367,758115.45
RE_014358,459982.55
RE_011294,580132.05
RE_010642,526291.55
RE_001917,397143.41
RE_008827,528442.45
RE_017773,222820.35
RE_012328,605101.6
RE_005333,2071294.08
RE_015915,2462786.72
RE_002490,673014.13
RE_006787,49429.93
RE_006692,478051.75
RE_009254,601753.95
RE_010102,794949.02
RE_006680,439900.73
RE_013212,382560.07
RE_002921,6411567.88
RE_010015,220014.71
RE_012676,207136.14
RE_012363,689939.12
RE_012534,459549.48
RE_008306,238534.12
RE_012206,483218.51
RE_008109,192769.8
RE_014384,730736.64
RE_004571,51315.31
RE_000840,359128.8
RE_013448,295449.89
RE_005147,466423.51
RE_013572,226671.4
RE_017903,1232360.83
RE_002830,262238.22
RE_008234,431033.0
RE_013029,122442.19
RE_010926,1840526.87
RE_016434,297021.34
RE_004849,81210.47
RE_013454,402223.63
RE_004093,347989.77
RE_006638,600026.17
RE_010476,577000.62
RE_016700,249000.55
RE_012815,1120327.44
RE_000121,348688.6
RE_011162,351030.8
RE_012082,389946.69
RE_006986,434126.03
RE_012804,374198.08
RE_006646,20103.25
RE_001502,572569.26
RE_015244,468809.92
RE_002660,8390180.91
RE_010818,700942.52
RE_008425,1057566.52
RE_002596,2480424.1
RE_005381,406840.73
RE_013560,233758.25
RE_013471,1833059.33
RE_001554,553924.85
RE_000986,714347.63
RE_008483,8069952.32
RE_005907,522555.79
RE_012455,1250235.0
RE_005639,484292.4
RE_000594,701343.12
RE_006983,787671.51
RE_000427,690111.62
RE_015669,75768.4
RE_013961,301209.02
RE_010044,1040967.37
RE_006255,380846.27
RE_014987,1045603.22
RE_006150,358498.36
RE_016593,512303.64
RE_003771,428098.5
RE_001124,4511826.9
RE_002119,835883.46
RE_012790,478574.71
RE_009345,256678.82
RE_012696,534002.52
RE_010413,397170.12
RE_017937,261216.93
RE_009436,729227.37
RE_013602,9869040.96
RE_007818,514012.36
RE_011797,716306.76
RE_007460,895809.54
RE_002432,1757613.82
RE_016066,1077640.91
RE_012024,721665.29
RE_012826,361788.61
RE_006682,331954.11
RE_001832,931922.1
RE_010641,475500.83
RE_003509,277428.12
RE_010336,1022955.43
RE_011813,920532.81
RE_001603,1746501.8
RE_014883,511906.19
RE_005093,343863.91
RE_002487,611998.31
RE_007074,938681.64
RE_001386,1010939.41
RE_013959,144908.51
RE_005311,184920.18
RE_004817,326651.64
RE_004442,697088.45
RE_005586,534946.64
RE_005028,203772.2
RE_002681,258553.64
RE_013954,400018.99
RE_005142,1422853.16
RE_003698,278692.54
RE_015018,594995.1
RE_007918,492290.83
RE_003974,205659.76
RE_009149,640558.12
RE_007332,323748.34
RE_000780,725928.83
RE_017202,329490.75
RE_007728,930597.37
RE_009354,1594099.46
RE_013710,590752.56
RE_007737,5687637.92
RE_003408,261511.88
RE_013056,403190.79
RE_002633,336058.13
RE_004007,667825.09
RE_000005,734829.12
RE_004052,3242491.62
RE_014143,603485.15
RE_009210,409887.29
RE_012670,816737.21
RE_003679,469973.0
RE_001780,278382.82
RE_015338,230615.46
RE_017385,451865.38
RE_004039,350417.77
RE_003478,427112.99
RE_006828,1925106.68
RE_004309,335023.38
RE_001628,370304.37
RE_011293,705359.81
RE_003983,287332.8
RE_005617,746270.01
RE_014141,539067.39
RE_017994,434006.09
RE_015343,845193.95
RE_000937,400454.78
RE_013811,75693.16
RE_011795,435812.2
RE_000956,488284.7
RE_007652,309564.62
RE_016147,244263.06
RE_016478,680472.54
RE_006806,366171.84
RE_007005,700642.08
RE_001201,570964.4
RE_005439,976447.15
RE_013993,517540.53
RE_008058,1274143.46
RE_012447,706482.02
RE_012902,1049980.43
RE_004745,514463.33
RE_002589,276658.72
RE_007146,6191188.54
RE_013034,313504.66
RE_007611,375282.63
RE_013630,1764774.86
RE_008623,499588.16
RE_007997,521447.52
RE_008742,1224525.07
RE_003421,457942.62
RE_004640,591459.7
RE_002420,809130.92
RE_003760,485483.3
RE_007251,368619.79
RE_014098,778023.49
RE_000297,1189137.91
RE_012293,209827.71
RE_008613,526856.34
RE_011021,483501.97
RE_013606,482783.21
RE_001439,120846.32
RE_002849,716635.44
RE_006622,196927.09
RE_010609,338940.99
RE_010531,3015093.29
RE_017573,763517.87
RE_007484,323099.32
RE_007052,290728.53
RE_017199,814461.13
RE_009590,786393.89
RE_009380,924745.36
RE_014346,1791097.13
RE_016758,216672.88
RE_002923,338773.91
RE_014845,1400925.23
RE_017978,222148.79
RE_005070,493254.94
RE_001132,179661.66
RE_000526,626475.96
RE_004013,351098.18
RE_002876,739451.8
RE_004210,791654.01
RE_001781,1017691.6
RE_006506,216020.69
RE_018144,220342.45
RE_006708,694498.88
RE_016857,214902.67
RE_015377,892446.99
RE_015596,491942.92
RE_015563,360557.08
RE_001320,143089.77
RE_008632,1395884.06
RE_013927,1248413.01
RE_015369,1537157.38
RE_012230,2239259.28
RE_014973,647583.03
RE_001498,373921.21
RE_001122,340394.11
RE_016502,321045.86
RE_000792,707867.8
RE_012307,836729.79
RE_013301,336809.26
RE_007512,263335.95
RE_000781,359683.9
RE_001422,361708.5
RE_012116,2664636.27
RE_008774,185996.78
RE_012172,606859.7
RE_008478,937851.63
RE_001045,362340.79
RE_013891,4119264.96
RE_008680,217867.98
RE_005459,389574.77
RE_016581,101201.22
RE_005347,794066.17
RE_006832,359420.14
RE_009084,1934139.74
RE_007446,253105.06
RE_017695,370588.87
RE_011628,1135910.14
RE_014489,176288.15
RE_002619,666662.7
RE_006530,128913.51
RE_010682,1922367.92
RE_007405,280421.85
RE_008957,269465.74
RE_015520,501744.67
RE_004516,422566.36
RE_011411,2150686.46
RE_009113,1631255.96
RE_018090,222071.57
RE_016553,687046.77
RE_001664,250814.07
RE_002700,435231.65
RE_004458,2258869.72
RE_009720,954866.71
RE_015816,135940.36
RE_005380,307114.5
RE_005118,234822.89
RE_018182,301111.22
RE_003790,613918.47
RE_016265,3322650.34
RE_016722,465194.18
RE_011920,278970.4
RE_012111,2207496.15
RE_000628,605658.84
RE_000279,136316.91
RE_005998,219907.1
RE_003947,9201473.97
RE_001645,211928.49
RE_015323,836953.8
RE_016224,674880.44
RE_017738,327680.01
RE_004254,454954.82
RE_012397,826017.23
RE_007912,402488.89
RE_002379,680826.07
RE_017484,248237.01
RE_015288,197658.3
RE_005339,127599.49
RE_008158,600222.94
RE_015416,517446.78
RE_010072,476301.17
RE_003910,847536.57
RE_016556,867301.38
RE_010859,1174616.31
RE_006512,936916.95
RE_006587,617977.68
RE_008637,1250527.85
RE_003378,499927.56
RE_012419,903149.57
RE_003488,187696.37
RE_004914,319446.31
RE_002362,435557.86
RE_004384,500479.14
RE_011974,1669056.6
RE_008297,776824.99
RE_009477,414266.62
RE_013348,1220162.72
RE_002240,1317711.95
RE_003133,921648.98
RE_008998,2261639.68
RE_005491,794703.98
RE_006416,1072310.75
RE_014749,191822.64
RE_015987,659997.15
RE_009978,346553.8
RE_006227,525536.03
RE_003564,623343.23
RE_009632,432593.31
RE_008093,808458.62
RE_016049,799988.21
RE_002841,1317921.76
RE_007944,609619.82
RE_009781,357504.82
RE_002017,396975.62
RE_004883,736489.18
RE_004067,685041.15
RE_012899,616565.65
RE_015226,3105034.99
RE_003654,14835.28
RE_015875,850773.42
RE_018039,506965.51
RE_001776,204030.7
RE_000006,890511.38
RE_012568,3354592.4
RE_017921,706343.87
RE_009151,728855.1
RE_004059,698017.17
RE_000613,509710.86
RE_018288,529593.97
RE_011410,217641.66
RE_008954,1360745.22
RE_016460,271317.05
RE_016654,683274.07
RE_009656,4771052.7
RE_017797,585158.0
RE_016336,399925.96
RE_016783,382160.32
RE_016078,820009.5
RE_008491,3030430.84
RE_014720,481254.32
RE_015516,1432513.31
RE_007301,205102.83
RE_006326,950684.2
RE_008855,806864.16
RE_011528,135797.16
RE_005165,1695422.71
RE_006607,835174.71
RE_001771,2447693.83
RE_011482,707118.89
RE_015024,506626.71
RE_014225,459183.92
RE_014231,164355.81
RE_015735,699392.33
RE_016243,422540.3
RE_005474,470136.95
RE_012258,371908.44
RE_003083,984160.47
RE_015947,513991.99
RE_001065,613111.19
RE_013915,43095.7
RE_014527,589275.39
RE_013230,868506.13
RE_009386,1360519.64
RE_000278,176632.36
RE_010222,388410.42
RE_012552,225148.02
RE_014705,367949.9
RE_000907,460763.36
RE_014216,349786.41
RE_018256,456412.24
RE_001160,345839.8
RE_011586,705259.85
RE_014925,402768.01
RE_016864,445079.01
RE_014113,414781.32
RE_011745,106766.83
RE_002372,5384684.31
RE_016250,1013995.64
RE_017983,1028697.88
RE_007914,1568599.95
RE_005326,556600.18
RE_005283,1707789.31
RE_014247,241123.87
RE_014909,401676.96
RE_007897,162228.47
RE_012554,445166.69
RE_005400,843399.76
RE_016468,3169661.44
RE_002314,499721.86
RE_012506,570371.39
RE_007426,56312.0
RE_004398,89181.82
RE_011718,564218.8
RE_015477,262440.93
RE_015434,634477.63
RE_000942,289131.7
RE_000211,2384240.39
RE_000644,425394.11
RE_007687,586987.69
RE_013867,262454.87
RE_011739,339249.47
RE_003319,382364.7
RE_005922,406440.49
RE_016713,242861.28
RE_012724,243809.62
RE_011962,869799.38
RE_001044,157827.25
RE_006758,741576.19
RE_013021,753735.85
RE_002162,279496.19
RE_002986,847488.6
RE_004339,364120.72
RE_006669,474682.87
RE_011126,546324.74
RE_007750,396570.4
RE_015045,736563.91
RE_007318,209588.64
RE_001912,77498.32
RE_006501,509533.21
RE_008481,134450.51
RE_010971,876990.29
RE_015122,578534.02
RE_001536,271819.61
RE_016418,168424.17
RE_007169,417826.77
RE_014966,583692.03
RE_005495,1425655.46
RE_010699,215553.58
RE_003117,260173.75
RE_012144,419126.12
RE_004472,368333.43
RE_017582,100975.5
RE_017938,780268.78
RE_015864,424971.56
RE_017841,384964.96
RE_015128,211757.71
RE_002462,333279.07
RE_008555,270968.3
RE_005932,344625.33
RE_014530,697755.75
RE_010376,689166.81
RE_011159,179503.45
RE_012475,708808.58
RE_000007,894618.78
RE_001592,293144.67
RE_001563,224678.3
RE_000531,551253.51
RE_013736,676526.9
RE_002268,21866.42
RE_012805,207115.95
RE_002837,247413.3
RE_006964,843164.72
RE_012495,5619013.84
RE_002433,249840.29
RE_008435,415073.37
RE_014872,1004601.0
RE_013635,332785.64
RE_008963,830280.03
RE_018210,279153.59
RE_015634,318102.16
RE_000833,2171384.66
RE_007061,1699617.71
RE_017745,1444132.47
RE_017547,1024586.75
RE_015937,909030.17
RE_012309,687990.19
RE_012059,62280.84
RE_016443,737700.57
RE_002158,335058.96
RE_011252,139571.07
RE_010295,466709.22
RE_002562,670287.59
RE_009863,295708.07
RE_007552,544109.1
RE_010626,282591.76
RE_000978,1586513.66
RE_009653,472615.91
RE_018083,1696240.62
RE_016549,485401.23
RE_009205,395399.21
RE_015849,538344.82
RE_007677,506412.51
RE_000280,368639.99
RE_007382,458671.14
RE_018157,1072115.02
RE_009409,551224.37
RE_012742,2201160.89
RE_004216,360954.99
RE_014878,684673.52
RE_002571,728089.56
RE_014323,5609065.97
RE_011415,162310.78
RE_018009,3669966.1
RE_004981,533085.49
RE_000778,194473.82
RE_013054,636443.33
RE_008016,489961.44
RE_001949,269003.4
RE_000051,881228.61
RE_002107,856377.11
RE_014824,703671.28
RE_000767,917377.75
RE_011367,1259993.09
RE_001085,636859.92
RE_017723,469533.19
RE_009595,9951711.81
RE_016631,71366.34
RE_017206,507806.28
RE_004226,315228.79
RE_005162,657638.8
RE_014088,375843.4
RE_005123,70918.91
RE_004843,592199.0
RE_013525,2251288.64
RE_016407,119171.47
RE_004084,693313.54
RE_005972,361899.58
RE_002321,341852.61
RE_017392,468347.52
RE_000567,1010664.54
RE_001695,405849.51
RE_011153,2032743.82
RE_016246,189167.79
RE_000179,835775.61
RE_015582,640310.74
RE_015664,759581.45
RE_014713,373593.89
RE_014767,452182.61
RE_017816,335909.05
RE_007724,2629027.88
RE_017372,504926.93
RE_011274,3088033.46
RE_017739,1367073.15
RE_001454,106413.09
RE_016090,2134438.23
RE_011900,778467.71
RE_013745,455185.28
RE_008850,741068.83
RE_003005,1636599.93
RE_017683,676990.99
RE_017439,332679.88
RE_016440,535486.65
RE_012548,4177493.23
RE_017171,483704.61
RE_016618,483691.74
RE_001746,462783.36
RE_012698,756338.55
RE_002026,596840.57
RE_007559,1254510.22
RE_017447,877692.13
RE_011476,528812.58
RE_017233,345025.11
RE_007481,277310.89
RE_000552,199335.31
RE_016021,2316511.19
RE_005448,431636.88
RE_010025,672308.82
RE_003935,166718.36
RE_004153,939134.85
RE_008690,263135.49
RE_001855,790211.67
RE_007796,780715.52
RE_014636,799368.39
RE_000032,348085.09
RE_014374,280740.4
RE_013451,267139.69
RE_004941,1030722.67
RE_010932,637985.43
RE_005132,690398.03
RE_014783,476550.89
RE_015757,1259200.24
RE_015480,891215.36
RE_010815,715469.85
RE_004332,138668.48
RE_014392,605560.36
RE_014941,187385.37
RE_009332,336258.13
RE_006381,3426523.84
RE_010527,842684.5
RE_013199,825831.92
RE_010468,191878.56
RE_011953,470930.1
RE_013168,750880.38
RE_004550,354392.14
RE_002174,316753.23
RE_014070,485413.89
RE_016006,694948.27
RE_002836,636100.19
RE_015001,1426218.43
RE_005258,626225.66
RE_002412,233225.73
RE_010575,514410.21
RE_013760,95284.1
RE_000563,1907090.87
RE_009159,362084.08
RE_010353,325060.0
RE_008351,787018.62
RE_017835,484167.28
RE_018106,558829.31
RE_013089,993142.47
RE_012712,426325.13
RE_011539,3020595.03
RE_000631,692970.17
RE_008922,84946.76
RE_001438,81469.68
RE_015599,1020184.15
RE_007900,1118321.38
RE_018020,152555.93
RE_006210,677099.9
RE_011057,804241.8
RE_016825,595137.24
RE_002771,293829.01
RE_004739,277549.6
RE_014311,522717.4
RE_005608,822504.14
RE_008004,1085553.43
RE_012097,2405317.31
RE_011675,889163.3
RE_004810,4203268.09
RE_011505,493314.84
RE_002859,300566.13
RE_006566,4315652.32
RE_005787,602817.45
RE_003868,366389.18
RE_006933,228833.04
RE_004417,488578.68
RE_017854,808213.97
RE_007668,402533.58
RE_016643,129356.72
RE_007694,403640.87
RE_001089,419443.39
RE_015615,1096070.84
RE_013972,273201.46
RE_009639,835650.37
RE_006901,427864.62
RE_006647,234750.72
RE_014125,813705.08
RE_004269,426482.41
RE_005776,1252611.66
RE_008846,61994.87
RE_011855,493676.28
RE_009952,203809.18
RE_003717,209257.58
RE_017429,270265.94
RE_000206,1422439.85
RE_013294,1601098.7
RE_009433,433484.31
RE_005233,703157.28
RE_011007,273921.59
RE_009980,958410.04
RE_000267,275313.94
RE_001820,105243.9
RE_016140,153072.87
RE_005289,235327.82
RE_007643,658011.29
RE_011978,426848.37
RE_007172,493739.5
RE_015113,327562.18
RE_003952,765257.02
RE_003528,385148.73
RE_016935,1209177.0
RE_017784,427392.32
RE_015878,267870.62
RE_004203,640031.89
RE_005871,511141.76
RE_016270,265904.31
RE_009673,493047.66
RE_005594,142692.47
RE_006439,297782.36
RE_014041,3601559.98
RE_014317,464356.72
RE_014308,499427.57
RE_007119,926436.12
RE_010385,204360.51
RE_009992,667034.91
RE_008382,126890.65
RE_005906,140806.63
RE_002659,860988.75
RE_012203,331305.47
RE_007109,856149.7
RE_013079,545887.01
RE_003919,1378552.06
RE_009739,326049.93
RE_008009,147117.46
RE_016396,1040857.56
RE_010437,733002.04
RE_005140,270028.31
RE_010131,169443.36
RE_007075,621396.03
RE_005243,285523.68
RE_001970,740510.43
RE_006504,216837.84
RE_005839,1234296.08
RE_009898,692919.3
RE_009372,456723.48
RE_004418,357152.79
RE_007102,557305.54
RE_014377,450605.46
RE_004821,694456.61
RE_006043,153189.97
RE_000143,360197.26
RE_007707,259915.87
RE_001481,455944.18
RE_006627,3008534.93
RE_011535,615828.25
RE_008440,655084.02
RE_000334,566995.36
RE_010408,468467.33
RE_004268,597207.94
RE_010150,1361002.95
RE_002644,4415149.91
RE_007644,605360.39
RE_004490,282018.39
RE_009374,632465.9
RE_009813,152672.95
RE_003471,389064.07
RE_017531,688375.29
RE_011710,514160.18
RE_017557,624029.67
RE_014706,1144151.54
RE_003604,735435.47
RE_015786,509249.47
RE_014118,705311.22
RE_009241,290426.79
RE_006760,3559582.45
RE_003688,481231.38
RE_007891,459158.55
RE_009527,961486.43
RE_001751,347109.09
RE_011647,756899.89
RE_010096,531145.99
RE_018044,724826.1
RE_007274,614324.73
RE_001114,610437.67
RE_010955,486440.44
RE_008802,414834.66
RE_000317,214771.73
RE_005455,314892.5
RE_000569,316784.83
RE_008639,474413.01
RE_000505,428273.18
RE_007060,231592.68
RE_010314,767761.36
RE_016896,1460165.44
RE_002578,134652.96
RE_005430,236894.51
RE_013354,8551571.66
RE_014586,128562.77
RE_006377,511154.53
RE_012710,741164.82
RE_004485,861238.6
RE_013777,230512.3
RE_004422,327917.74
RE_010521,1577407.8
RE_012312,675898.49
RE_004251,251734.33
RE_013497,1102816.34
RE_014356,272438.92
RE_016847,733006.42
RE_005876,662482.01
RE_015882,364646.89
RE_010298,3905881.34
RE_005535,732032.9
RE_007799,345691.58
RE_001246,828269.1
RE_007771,22647.56
RE_012530,377016.51
RE_016295,791311.8
RE_013132,2941958.97
RE_004920,645499.96
RE_001546,797134.76
RE_003295,376973.58
RE_010168,940049.76
RE_013610,303055.51
RE_009779,310652.51
RE_010026,657530.35
RE_012045,144047.67
RE_009347,131799.37
RE_015120,371729.52
RE_005916,515785.9
RE_006825,4029063.69
RE_015453,542526.76
RE_004837,1207108.28
RE_004110,591210.91
RE_009390,840681.0
RE_007247,488071.38
RE_007086,235286.87
RE_010803,345861.74
RE_005423,458930.42
RE_017724,680617.11
RE_012605,939216.95
RE_017055,487580.33
RE_013874,368434.37
RE_009321,236863.79
RE_012488,521256.04
RE_016572,146834.53
RE_006737,133893.9
RE_010215,160480.76
RE_005733,263714.94
RE_016610,383445.11
RE_000205,145978.93
RE_002683,176191.97
RE_014103,545909.78
RE_016617,1422180.97
RE_013589,489871.77
RE_008653,272592.11
RE_008050,560066.39
RE_010611,649909.94
RE_010159,977202.66
RE_009456,5904833.05
RE_004064,632920.51
RE_013445,3773546.33
RE_013044,958368.43
RE_017182,514615.07
RE_006625,525941.47
RE_014062,718762.42
RE_007603,1141447.49
RE_005845,962214.47
RE_014405,264573.26
RE_010248,10593327.8
RE_002296,515215.97
RE_002839,268539.78
RE_003858,659916.31
RE_010858,512958.16
RE_000059,945501.12
RE_016134,1748179.59
RE_011069,155203.52
RE_016212,340242.56
RE_015822,133010.39
RE_010261,1922602.89
RE_012572,1534683.11
RE_006513,1381028.84
RE_013598,8097376.21
RE_011257,1029331.2
RE_010193,309816.38
RE_008357,326075.29
RE_016567,813547.36
RE_001829,955797.33
RE_014059,446088.12
RE_017803,281293.31
RE_003822,653325.97
RE_004468,905359.05
RE_005894,356398.72
RE_003299,693663.34
RE_004102,558022.65
RE_000244,1505360.39
RE_007128,977729.39
RE_013696,545357.31
RE_012291,660580.45
RE_002997,362750.51
RE_015759,246519.73
RE_012275,365106.82
RE_017992,1801060.2
RE_018198,258170.91
RE_013218,578600.19
RE_000867,371376.52
RE_004667,735343.51
RE_017885,733656.68
RE_008025,1719040.36
RE_016235,732491.33
RE_017879,523200.36
RE_012427,340945.09
RE_006549,664101.44
RE_000251,820517.71
RE_004971,913200.97
RE_016640,376287.99
RE_000826,205091.91
RE_002084,768753.0
RE_012266,793649.93
RE_014519,701201.95
RE_015817,200916.77
RE_003161,659450.71
RE_000171,410358.26
RE_009893,15344.72
RE_001950,228822.93
RE_002655,666653.17
RE_006952,1320904.75
RE_005960,4023024.63
RE_013251,221988.66
RE_011810,389990.03
RE_006820,3560717.88
RE_013716,457430.57
RE_015084,264820.12
RE_018001,329156.11
RE_005006,658123.37
RE_012944,657557.0
RE_006484,470180.66
RE_015372,555982.77
RE_006406,240490.5
RE_015625,989134.52
RE_005210,406203.54
RE_007510,763489.06
RE_014948,797077.34
RE_014847,777677.07
RE_006718,55168.15
RE_005085,690048.04
RE_016199,1565399.46
RE_014433,390453.55
RE_001905,409861.35
RE_010284,281996.33
RE_007614,357945.16
RE_004233,610445.83
RE_010267,865930.46
RE_007748,1803314.4
RE_012016,601526.15
RE_000493,780495.63
RE_016629,579136.14
RE_007133,2841284.78
RE_006594,664540.35
RE_006272,183306.72
RE_010359,605035.45
RE_013372,612454.38
RE_016523,473826.54
RE_011370,3862304.96
RE_006124,1232902.0
RE_009857,488874.81
RE_005135,303891.07
RE_000391,570733.87
RE_015894,706520.96
RE_005350,305870.6
RE_006695,178970.08
RE_012823,534586.66
RE_011433,229938.89
RE_007424,182688.14
RE_012003,551321.21
RE_008873,344767.8
RE_000160,424066.03
RE_000876,228493.37
RE_010659,627345.42
RE_001766,262081.65
RE_012916,1492826.5
RE_006899,454633.52
RE_002114,437297.31
RE_013129,252494.05
RE_012697,2355276.16
RE_007883,440755.99
RE_001317,303577.66
RE_002305,133885.5
RE_012590,223499.44
RE_000744,119359.73
RE_008316,837387.05
RE_005171,141973.71
RE_014353,133559.64
RE_003112,733242.69
RE_013998,141231.34
RE_007120,1541869.06
RE_002723,431933.79
RE_017985,1179117.44
RE_005722,3047820.9
RE_014660,493766.76
RE_016099,253173.79
RE_007635,5488401.54
RE_001612,827370.25
RE_000921,357589.95
RE_017567,833252.87
RE_007557,185773.57
RE_001333,437349.02
RE_000126,687368.5
RE_006981,145354.77
RE_007537,249677.63
RE_008795,372765.75
RE_017741,154580.66
RE_013150,793756.69
RE_014717,1452831.19
RE_001172,473184.31
RE_008498,632045.92
RE_001858,667344.49
RE_008858,837017.26
RE_004599,460759.5
RE_010419,387650.96
RE_016374,746907.6
RE_005190,395100.94
RE_003148,128991.92
RE_012988,527058.66
RE_005811,736423.02
RE_003492,672643.77
RE_000333,381498.55
RE_011417,376895.65
RE_000026,704796.38
RE_011217,220213.53
RE_008798,3233950.81
RE_013105,1743609.76
RE_004552,530730.72
RE_000492,275396.76
RE_011443,887515.5
RE_017701,696638.36
RE_005595,768261.36
RE_000426,556261.63
RE_014956,269749.01
RE_013936,10337303.84
RE_018221,141120.08
RE_006121,661978.45
RE_018052,453027.86
RE_000105,376964.03
RE_009848,1011709.93
RE_000038,268337.39
RE_007178,476527.5
RE_016765,281126.03
RE_005366,201034.53
RE_008757,45063.32
RE_005262,1659549.81
RE_011619,4687569.27
RE_002894,2122317.2
RE_015914,477049.12
RE_014619,374461.17
RE_016580,292354.79
RE_014697,5854822.5
RE_017696,659558.78
RE_000988,294155.29
RE_002237,665087.43
RE_001158,604199.11
RE_008784,933631.16
RE_009694,680210.96
RE_000916,600697.94
RE_013113,405452.62
RE_018147,729553.01
RE_015850,444329.22
RE_014146,99072.08
RE_000689,604827.54
RE_011451,1748241.26
RE_012400,782190.3
RE_013012,977178.85
RE_013493,1989735.98
RE_005316,121128.99
RE_012403,233670.99
RE_001611,289163.8
RE_007091,304043.29
RE_005599,741599.58
RE_008859,377730.49
RE_012135,350774.97
RE_002766,796179.49
RE_009596,87315.52
RE_007950,323918.19
RE_004029,704241.74
RE_002360,595840.74
RE_009811,1319522.16
RE_015900,158868.18
RE_007083,490438.34
RE_003398,1137970.21
RE_008190,121870.65
RE_017406,906905.08
RE_002224,464212.73
RE_012958,840316.08
RE_008460,248117.95
RE_009621,867594.05
RE_012250,432610.68
RE_001118,645731.1
RE_000989,740392.64
RE_008175,474859.27
RE_013960,147759.87
RE_015380,1644633.32
RE_001244,794337.0
RE_003506,571788.92
RE_007479,493908.35
RE_012635,1560774.75
RE_012486,106198.03
RE_014796,502654.43
RE_000542,1210913.99
RE_013784,325134.15
RE_000561,1019869.26
RE_010322,1008462.42
RE_008534,72926.07
RE_000947,27773.59
RE_010035,516246.68
RE_018149,203971.97
RE_004275,559907.47
RE_018130,759813.0
RE_004209,5039386.29
RE_004066,403977.85
RE_006474,1603499.89
RE_007499,291094.52
RE_005139,1135644.4
RE_010775,472469.7
RE_017187,489913.85
RE_012402,143037.39
RE_003078,318956.88
RE_004825,516689.6
RE_010690,133637.11
RE_010608,107396.17
RE_006553,1129003.63
RE_000809,532925.28
RE_012889,1370846.66
RE_014483,871425.26
RE_007323,743165.79
RE_003694,754584.27
RE_017839,273348.92
RE_017749,2633989.68
RE_007409,455198.05
RE_001974,282134.99
RE_000086,322871.58
RE_014261,504642.9
RE_000166,554733.86
RE_007164,605158.24
RE_002365,456887.87
RE_014892,629700.83
RE_002156,204446.95
RE_007402,1096967.22
RE_011879,784294.37
RE_003366,1240429.41
RE_002971,639332.35
RE_009323,620750.19
RE_001618,346701.24
RE_001913,414359.13
RE_012265,907488.12
RE_016766,362814.73
RE_001616,626347.0
RE_001547,372867.96
RE_015211,6218337.28
RE_012795,309411.05
RE_014908,1055298.43
RE_000233,1217512.21
RE_011230,180119.81
RE_009514,903995.09
RE_017289,749720.93
RE_013400,602088.55
RE_001705,983945.46
RE_011993,882680.85
RE_013489,1676865.22
RE_003940,513509.05
RE_017925,1020637.38
RE_001650,3577963.54
RE_000897,264572.5
RE_010100,505234.34
RE_010919,472737.58
RE_007628,1129761.77
RE_012982,279472.37
RE_004782,420379.85
RE_015954,425090.56
RE_006568,306858.38
RE_003145,129771.25
RE_002867,529343.8
RE_012133,536749.65
RE_006453,1121733.05
RE_011271,1653020.95
RE_018184,367630.76
RE_000269,347333.98
RE_010393,414055.13
RE_002635,493550.1
RE_008851,719896.48
RE_012332,546624.48
RE_015761,1201481.33
RE_015213,96678.35
RE_001137,832038.83
RE_009064,649225.17
RE_011913,859751.56
RE_009046,869043.53
RE_003385,1080896.68
RE_017534,479905.31
RE_013900,406408.13
RE_007783,655894.78
RE_000672,837953.83
RE_017708,689899.66
RE_018161,438736.6
RE_016704,410339.03
RE_012912,2309950.2
RE_012752,3454445.65
RE_015697,540564.35
RE_012168,117442.95
RE_016491,878106.68
RE_005773,302282.04
RE_001126,344277.49
RE_002555,73886.06
RE_004997,382410.85
RE_015395,841125.36
RE_013905,726596.74
RE_011026,337579.88
RE_016576,261240.28
RE_007844,1198078.7
RE_009167,1489523.55
RE_017181,541439.61
RE_006460,633332.02
